data;hora;temperatura_c;umidade_pct;irradiancia_solar;status_geracao_solar
2026-08-26;0;25.6;92;0.0;Sem Geração (Noite)
2026-08-26;1;25.2;93;0.0;Sem Geração (Noite)
2026-08-26;2;24.8;94;0.0;Sem Geração (Noite)
2026-08-26;3;24.6;93;0.0;Sem Geração (Noite)
2026-08-26;4;24.3;94;0.0;Sem Geração (Noite)
2026-08-26;5;24.1;95;0.0;Sem Geração (Noite)
2026-08-26;6;24.1;95;0.0;Sem Geração (Noite)
2026-08-26;7;24.7;93;161.0;Baixo Potencial
2026-08-26;8;26.5;84;542.7;Alto Potencial
2026-08-26;9;28.6;73;559.7;Alto Potencial
2026-08-26;10;29.8;66;647.1;Alto Potencial
2026-08-26;11;31.0;60;741.5;Alto Potencial
2026-08-26;12;32.1;55;726.2;Alto Potencial
2026-08-26;13;32.7;51;694.6;Alto Potencial
2026-08-26;14;33.3;48;744.5;Alto Potencial
2026-08-26;15;33.5;46;714.8;Alto Potencial
2026-08-26;16;32.7;47;636.1;Alto Potencial
2026-08-26;17;31.4;54;534.8;Alto Potencial
2026-08-26;18;29.6;64;379.7;Alto Potencial
2026-08-26;19;28.3;71;17.5;Baixo Potencial
2026-08-26;20;27.7;73;0.0;Sem Geração (Noite)
2026-08-26;21;26.8;75;0.0;Sem Geração (Noite)
2026-08-26;22;26.3;77;0.0;Sem Geração (Noite)
2026-08-26;23;25.9;78;0.0;Sem Geração (Noite)
2026-08-27;0;25.5;80;0.0;Sem Geração (Noite)
2026-08-27;1;25.2;83;0.0;Sem Geração (Noite)
2026-08-27;2;24.8;86;0.0;Sem Geração (Noite)
2026-08-27;3;24.4;88;0.0;Sem Geração (Noite)
2026-08-27;4;24.1;90;0.0;Sem Geração (Noite)
2026-08-27;5;23.9;92;0.0;Sem Geração (Noite)
2026-08-27;6;23.8;93;0.0;Sem Geração (Noite)
2026-08-27;7;24.5;89;159.9;Baixo Potencial
2026-08-27;8;26.3;82;517.2;Alto Potencial
2026-08-27;9;28.4;71;669.1;Alto Potencial
2026-08-27;10;30.1;60;586.9;Alto Potencial
2026-08-27;11;31.8;54;649.9;Alto Potencial
2026-08-27;12;32.9;50;640.6;Alto Potencial
2026-08-27;13;33.5;47;594.4;Alto Potencial
2026-08-27;14;33.7;45;674.8;Alto Potencial
2026-08-27;15;32.1;51;533.7;Alto Potencial
2026-08-27;16;30.0;69;564.8;Alto Potencial
2026-08-27;17;29.1;74;519.1;Alto Potencial
2026-08-27;18;28.3;78;381.3;Alto Potencial
2026-08-27;19;27.7;84;17.7;Baixo Potencial
2026-08-27;20;28.3;80;0.0;Sem Geração (Noite)
2026-08-27;21;27.5;70;0.0;Sem Geração (Noite)
2026-08-27;22;26.4;74;0.0;Sem Geração (Noite)
2026-08-27;23;25.8;77;0.0;Sem Geração (Noite)
2026-08-28;0;25.2;79;0.0;Sem Geração (Noite)
2026-08-28;1;24.7;81;0.0;Sem Geração (Noite)
2026-08-28;2;24.0;85;0.0;Sem Geração (Noite)
2026-08-28;3;23.4;88;0.0;Sem Geração (Noite)
2026-08-28;4;23.1;90;0.0;Sem Geração (Noite)
2026-08-28;5;22.9;92;0.0;Sem Geração (Noite)
2026-08-28;6;22.7;93;0.0;Sem Geração (Noite)
2026-08-28;7;23.4;91;175.6;Baixo Potencial
2026-08-28;8;25.5;83;562.7;Alto Potencial
2026-08-28;9;27.8;73;716.8;Alto Potencial
2026-08-28;10;29.6;62;759.8;Alto Potencial
2026-08-28;11;31.1;57;808.3;Alto Potencial
2026-08-28;12;32.4;52;823.1;Alto Potencial
2026-08-28;13;33.6;45;818.0;Alto Potencial
2026-08-28;14;34.3;41;780.0;Alto Potencial
2026-08-28;15;33.7;43;738.7;Alto Potencial
2026-08-28;16;32.1;55;681.3;Alto Potencial
2026-08-28;17;30.7;67;593.9;Alto Potencial
2026-08-28;18;29.4;74;393.7;Alto Potencial
2026-08-28;19;29.0;73;17.8;Baixo Potencial
2026-08-28;20;28.3;64;0.0;Sem Geração (Noite)
2026-08-28;21;27.2;68;0.0;Sem Geração (Noite)
2026-08-28;22;26.6;69;0.0;Sem Geração (Noite)
2026-08-28;23;26.2;71;0.0;Sem Geração (Noite)
2026-08-29;0;25.6;73;0.0;Sem Geração (Noite)
2026-08-29;1;24.9;76;0.0;Sem Geração (Noite)
2026-08-29;2;24.6;80;0.0;Sem Geração (Noite)
2026-08-29;3;24.1;83;0.0;Sem Geração (Noite)
2026-08-29;4;24.0;84;0.0;Sem Geração (Noite)
2026-08-29;5;23.8;86;0.0;Sem Geração (Noite)
2026-08-29;6;23.7;88;0.0;Sem Geração (Noite)
2026-08-29;7;24.4;85;157.8;Baixo Potencial
2026-08-29;8;26.3;78;511.8;Alto Potencial
2026-08-29;9;28.5;68;674.0;Alto Potencial
2026-08-29;10;30.2;59;419.8;Alto Potencial
2026-08-29;11;32.0;53;678.3;Alto Potencial
2026-08-29;12;33.5;48;819.8;Alto Potencial
2026-08-29;13;34.7;45;827.3;Alto Potencial
2026-08-29;14;35.3;43;787.0;Alto Potencial
2026-08-29;15;34.1;46;561.5;Alto Potencial
2026-08-29;16;29.8;71;434.6;Alto Potencial
2026-08-29;17;28.8;73;394.9;Alto Potencial
2026-08-29;18;28.6;74;181.7;Baixo Potencial
2026-08-29;19;28.7;74;18.0;Baixo Potencial
2026-08-29;20;28.6;75;0.0;Sem Geração (Noite)
2026-08-29;21;28.0;75;0.0;Sem Geração (Noite)
2026-08-29;22;26.9;78;0.0;Sem Geração (Noite)
2026-08-29;23;26.2;78;0.0;Sem Geração (Noite)
2026-08-30;0;25.6;80;0.0;Sem Geração (Noite)
2026-08-30;1;25.1;82;0.0;Sem Geração (Noite)
2026-08-30;2;24.6;85;0.0;Sem Geração (Noite)
2026-08-30;3;24.2;88;0.0;Sem Geração (Noite)
2026-08-30;4;23.8;90;0.0;Sem Geração (Noite)
2026-08-30;5;23.4;93;0.0;Sem Geração (Noite)
2026-08-30;6;23.7;92;0.0;Sem Geração (Noite)
2026-08-30;7;24.9;86;247.5;Alto Potencial
2026-08-30;8;26.7;78;607.8;Alto Potencial
2026-08-30;9;28.6;70;673.8;Alto Potencial
2026-08-30;10;30.4;62;742.8;Alto Potencial
2026-08-30;11;32.3;54;764.5;Alto Potencial
2026-08-30;12;33.5;51;773.0;Alto Potencial
2026-08-30;13;33.6;51;804.0;Alto Potencial
2026-08-30;14;33.0;55;769.2;Alto Potencial
2026-08-30;15;32.2;59;710.0;Alto Potencial
2026-08-30;16;31.3;64;583.7;Alto Potencial
2026-08-30;17;30.2;71;532.6;Alto Potencial
2026-08-30;18;29.2;76;445.7;Alto Potencial
2026-08-30;19;28.6;78;18.1;Baixo Potencial
2026-08-30;20;28.0;78;0.0;Sem Geração (Noite)
2026-08-30;21;27.5;78;0.0;Sem Geração (Noite)
2026-08-30;22;26.8;80;0.0;Sem Geração (Noite)
2026-08-30;23;26.2;82;0.0;Sem Geração (Noite)
2026-08-31;0;25.7;85;0.0;Sem Geração (Noite)
2026-08-31;1;25.3;86;0.0;Sem Geração (Noite)
2026-08-31;2;25.1;87;0.0;Sem Geração (Noite)
2026-08-31;3;24.9;88;0.0;Sem Geração (Noite)
2026-08-31;4;24.5;90;0.0;Sem Geração (Noite)
2026-08-31;5;24.1;92;0.0;Sem Geração (Noite)
2026-08-31;6;24.3;90;0.0;Sem Geração (Noite)
2026-08-31;7;25.4;83;270.4;Alto Potencial
2026-08-31;8;27.2;74;595.1;Alto Potencial
2026-08-31;9;28.8;67;567.3;Alto Potencial
2026-08-31;10;30.3;60;354.3;Alto Potencial
2026-08-31;11;31.7;54;366.3;Alto Potencial
2026-08-31;12;32.6;51;423.3;Alto Potencial
2026-08-31;13;32.8;51;681.7;Alto Potencial
2026-08-31;14;32.5;53;703.0;Alto Potencial
2026-08-31;15;32.0;56;661.9;Alto Potencial
2026-08-31;16;31.2;60;509.4;Alto Potencial
2026-08-31;17;30.2;65;461.1;Alto Potencial
2026-08-31;18;29.2;70;383.2;Alto Potencial
2026-08-31;19;28.3;74;18.3;Baixo Potencial
2026-08-31;20;27.4;78;0.0;Sem Geração (Noite)
2026-08-31;21;26.7;81;0.0;Sem Geração (Noite)
2026-08-31;22;26.2;83;0.0;Sem Geração (Noite)
2026-08-31;23;26.0;83;0.0;Sem Geração (Noite)
2026-09-01;0;25.7;83;0.0;Sem Geração (Noite)
2026-09-01;1;25.4;85;0.0;Sem Geração (Noite)
2026-09-01;2;25.0;86;0.0;Sem Geração (Noite)
2026-09-01;3;24.7;87;0.0;Sem Geração (Noite)
2026-09-01;4;24.2;90;0.0;Sem Geração (Noite)
2026-09-01;5;23.8;94;0.0;Sem Geração (Noite)
2026-09-01;6;24.0;93;0.0;Sem Geração (Noite)
2026-09-01;7;26.8;76;195.3;Baixo Potencial
2026-09-01;8;27.6;73;453.4;Alto Potencial
2026-09-01;9;28.3;70;487.0;Alto Potencial
2026-09-01;10;29.1;67;564.0;Alto Potencial
2026-09-01;11;30.0;63;573.9;Alto Potencial
2026-09-01;12;31.0;60;575.0;Alto Potencial
2026-09-01;13;31.9;57;568.9;Alto Potencial
2026-09-01;14;32.5;55;555.2;Alto Potencial
2026-09-01;15;32.6;54;532.9;Alto Potencial
2026-09-01;16;32.2;55;450.6;Alto Potencial
2026-09-01;17;31.4;57;419.9;Alto Potencial
2026-09-01;18;30.3;60;347.3;Alto Potencial
2026-09-01;19;29.1;63;18.5;Baixo Potencial
2026-09-01;20;28.0;66;0.0;Sem Geração (Noite)
2026-09-01;21;27.1;70;0.0;Sem Geração (Noite)
2026-09-01;22;26.4;72;0.0;Sem Geração (Noite)
2026-09-01;23;25.7;75;0.0;Sem Geração (Noite)
